side,method,seconds,bands,refitted,m_map,table_mb
32,two_level_evidence,0.39620085900241975,528,262,4,
32,two_level_rates,0.40669925000111107,528,262,4,
64,two_level_evidence,1.7583470109966584,2080,612,7,
64,two_level_rates,1.120769986002415,2080,612,7,
100,two_level_evidence,5.130091793005704,5050,1170,7,
100,two_level_rates,2.494621929996356,5050,1170,7,
128,two_level_evidence,9.854705694000586,8256,1161,9,
128,two_level_rates,2.7858984239937854,8256,1161,9,
200,two_level_evidence,43.546226167003624,20100,635,10,
200,two_level_rates,2.33405269299692,20100,635,10,
32,recursive_evidence,0.08447326900204644,,,,2.230272
64,recursive_evidence,1.9517239440028789,,,,34.6112
100,recursive_evidence,17.125667583000904,,,,204.02
